Nom image;V3;V2;V1;delta V2-V1;delta V3-V1;delta V3-V2;;;moyenne In;moyenne Sc;;V4 ;V5 ;V6 filtre avant top;V7 filtre apres top;;;V8;V309
In_1 ;67,96;58,76;57,67;1,09;10,29;9,2;;V1;38,74973333;34,28193333;;62,14;67,96;67,48;63,93;;;67,96;67,96
In_2 ;67,99;54,61;54,61;0;13,38;13,38;;V2;45,0088;15,27856667;;63,13;67,99;69,79;66,71;;;67,99;67,99
In_3 ;62,34;60,85;59,37;1,48;2,97;1,49;;V3;51,9352;50,51113333;;54,02;62,34;66,11;59,01;;;62,34;62,34
In_4 ;51,58;44,26;44,26;0;7,32;7,32;;V4;37,08296667;67,8823;;58,89;51,58;51,34;51,21;;;51,58;51,58
In_5 ;67,08;61,62;59,67;1,95;7,41;5,46;;V5;51,90873754;67,8823;;62,4;67,08;67,59;63,85;;;67,08;67,08
In_6 ;66,81;62,1;60,8;1,3;6,01;4,71;;V6;37,51666667;66,84436667;;58,31;66,81;64,44;61;;;66,81;66,81
In_7 ;63,74;70,19;68,21;1,98;-4,47;-6,45;;V7;46,5688;67,46923333;;51,12;63,74;68,17;56,96;;;63,74;63,74
In_8 ;58,38;72,61;72,61;0;-14,23;-14,23;;V8;51,9352;67,8823;;11,83;58,38;62,22;53,23;;;58,38;58,38
In_9 ;60,29;57,38;55,74;1,64;4,55;2,91;;V309;53,71483333;68,58176667;;64,67;60,29;60,36;60,06;;;60,29;60,29
In_10 ;67,66;56,61;55,75;0,86;11,91;11,05;;;;;;63,35;67,66;67,5;63,96;;;67,66;67,66
In_11 ;70,15;68,09;54,62;13,47;15,53;2,06;;61,1483;moyenne;;;51,13;70,15;0;68,8;;;70,15;70,15
In_12 ;80,48;68,51;49,83;18,68;30,65;11,97;;22,53692262;ecart type;;;73,1;80,48;77,33;77,44;;;80,48;80,48
In_13 ;84,75;23,68;68,25;-44,57;16,5;61,07;;65,595;median;;;81,88;84,75;85,12;83,09;;;84,75;84,75
In_14 ;69,92;73,87;40,21;33,66;29,71;-3,95;;0,72;min;;;32,2;69,92;0;71,93;;;69,92;69,92
In_15 ;81,16;71,03;63,2;7,83;17,96;10,13;;97,16;max;;;77,07;81,16;82,16;80;;;81,16;81,16
In_16 ;69,25;0;60,08;-60,08;9,17;69,25;;;;;;57,8;69,25;60,1;70,18;;;69,25;69,25
In_17 ;65,64;65,42;44,12;21,3;21,52;0,22;;;;;;45,72;65,64;73,48;65,75;;;65,64;65,64
In_18 ;68,81;68,67;51,89;16,78;16,92;0,14;;;;;;62,76;68,81;66,85;65,33;;;68,81;68,81
In_19 ;50,67;55,44;26,21;29,23;24,46;-4,77;;;;;;0;50,67;52,2;45,06;;;50,67;50,67
In_20 ;68,93;10,9;35,43;-24,53;33,5;58,03;;;;;;56,02;68,93;0;64,72;;;68,93;68,93
In_21 ;61,8;26,11;43,54;-17,43;18,26;35,69;;;;;;69,56;61,8;0;62,99;;;61,8;61,8
In_22 ;71,45;41,18;46;-4,82;25,45;30,27;;;;;;54,74;71,45;0;61,04;;;71,45;71,45
In_23 ;78,44;3,43;49,48;-46,05;28,96;75,01;;;;;;68,83;78,44;0;5,95;;;78,44;78,44
In_24 ;73,31;68,23;43,07;25,16;30,24;5,08;;;;;;23,54;73,31;0;26,38;;;73,31;73,31
In_25 ;74,43;35,99;50,49;-14,5;23,94;38,44;;;;;;24,54;74,43;0;73,27;;;74,43;74,43
In_26 ;23,2;52,47;18,03;34,44;5,17;-29,27;;;;;;0;23,2;41,93;21,07;;;23,2;23,2
In_27 ;61,07;80,22;21,07;59,15;40;-19,15;;;;;;44,77;61,07;62,18;52,83;;;61,07;61,07
In_28 ;69,62;7,78;42,41;-34,63;27,21;61,84;;;;;;12,82;69,62;69,92;42,29;;;69,62;69,62
In_29 ;51,4;42,47;48,04;-5,57;3,36;8,93;;;;;;7,82;51,4;59,57;54,8;;;51,4;51,4
In_30 ;60,53;0;37,1;-37,1;23,43;60,53;;;;;;40,31;60,53;0;50,31;;;60,53;60,53
In_31 ;50,21;41,59;43,03;-1,44;7,18;8,62;;;;;;39,09;50,21;52,35;44,67;;;50,21;50,21
In_32 ;62,02;0;33,16;-33,16;28,86;62,02;;;;;;58,46;62,02;0;60,31;;;62,02;62,02
In_33 ;68,13;0;42,35;-42,35;25,78;68,13;;;;;;71,55;68,13;0;68,95;;;68,13;68,13
In_34 ;60,89;73,55;16,45;57,1;44,44;-12,66;;;;;;0;60,89;0;57,31;;;60,89;60,89
In_35 ;59,56;4,15;53,64;-49,49;5,92;55,41;;;;;;54,5;59,56;0;56,18;;;59,56;59,56
In_36 ;46,6;3,64;27,68;-24,04;18,92;42,96;;;;;;62,57;46,6;0;51,51;;;46,6;46,6
In_37 ;57,37;26,39;40,46;-14,07;16,91;30,98;;;;;;71,6;57,37;0;66,45;;;57,37;57,37
In_38 ;48,17;16,02;42,7;-26,68;5,47;32,15;;;;;;64,91;48,17;0;47,57;;;48,17;48,17
In_39 ;60,58;66,68;40,38;26,3;20,2;-6,1;;;;;;27,97;60,58;0;48,85;;;60,58;60,58
In_40 ;42,57;15,23;41,91;-26,68;0,66;27,34;;;;;;36,78;42,57;42,6;40,78;;;42,57;42,57
In_41 ;62,52;26,36;28,65;-2,29;33,87;36,16;;;;;;67,84;62,52;0;0;;;62,52;62,52
In_42 ;0;55,31;3,5;51,81;-3,5;-55,31;;;;;;0;0;0;0;;;0;2,48
In_43 ;69,6;75,36;20,7;54,66;48,9;-5,76;;;;;;58,13;69,6;71,97;67,43;;;69,6;69,6
In_44 ;40,04;39,1;43,75;-4,65;-3,71;0,94;;;;;;33,69;40,04;43,37;37,45;;;40,04;40,04
In_45 ;70,86;71,08;30,74;40,34;40,12;-0,22;;;;;;31,62;70,86;0;62,53;;;70,86;70,86
In_46 ;72,88;43,61;54,79;-11,18;18,09;29,27;;;;;;30,69;72,88;0;15,07;;;72,88;72,88
In_47 ;76,25;60,08;52,32;7,76;23,93;16,17;;;;;;60,49;76,25;0;78,54;;;76,25;76,25
In_48 ;69,61;14,94;38,82;-23,88;30,79;54,67;;;;;;41,68;69,61;0;60,47;;;69,61;69,61
In_49 ;0;50,25;59,54;-9,29;-59,54;-50,25;;;;;;51,16;0;0;63,08;;;0;60,37
In_50 ;0;72,58;50,15;22,43;-50,15;-72,58;;;;;;0;0;0;0;;;0;46,39
In_51 ;47,64;73,13;22,27;50,86;25,37;-25,49;;;;;;0;47,64;0;46,94;;;47,64;47,64
In_52 ;50,92;73,82;30,74;43,08;20,18;-22,9;;;;;;0;50,92;0;45,36;;;50,92;50,92
In_53 ;0;69,2;19,63;49,57;-19,63;-69,2;;;;;;0;0;0;0;;;0;13,65
In_54 ;22,47;25,88;24,91;0,97;-2,44;-3,41;;;;;;0;22,47;0;0;;;22,47;22,47
In_55 ;64,58;76,11;50,26;25,85;14,32;-11,53;;;;;;54,11;64,58;75,3;61,27;;;64,58;64,58
In_56 ;63,17;73,34;37,17;36,17;26;-10,17;;;;;;52,93;63,17;71,17;59,75;;;63,17;63,17
In_57 ;65,41;0;19,68;-19,68;45,73;65,41;;;;;;0;65,41;0;47,73;;;65,41;65,41
In_58 ;59,55;66,67;14,77;51,9;44,78;-7,12;;;;;;0;59,55;0;38,91;;;59,55;59,55
In_59 ;62,79;46,22;45,94;0,28;16,85;16,57;;;;;;24,71;62,79;0;45,32;;;62,79;62,79
In_60 ;55,33;39,22;18,87;20,35;36,46;16,11;;;;;;52,63;55,33;55,16;56,43;;;55,33;55,33
In_61 ;79,79;44,19;31,34;12,85;48,45;35,6;;;;;;70,17;79,79;0;35,88;;;79,79;79,79
In_62 ;53,52;21,05;18,69;2,36;34,83;32,47;;;;;;52,66;53,52;15,92;55,41;;;53,52;53,52
In_63 ;34,75;57,68;10,27;47,41;24,48;-22,93;;;;;;0;34,75;43,66;31,11;;;34,75;34,75
In_64 ;51,81;67,34;45,05;22,29;6,76;-15,53;;;;;;38,97;51,81;71,23;51,53;;;51,81;51,81
In_65 ;79,13;75,19;70,21;4,98;8,92;3,94;;;;;;74,22;79,13;79,86;78,67;;;79,13;79,13
In_66 ;75,72;81,44;61,89;19,55;13,83;-5,72;;;;;;57,84;75,72;83,78;75,44;;;75,72;75,72
In_67 ;41,65;30,57;16,36;14,21;25,29;11,08;;;;;;13,2;41,65;54,61;14,42;;;41,65;41,65
In_68 ;30;56,75;3,62;53,13;26,38;-26,75;;;;;;0;30;28,42;0;;;30;30
In_69 ;44,99;53,93;10,48;43,45;34,51;-8,94;;;;;;27,97;44,99;41,04;35,23;;;44,99;44,99
In_70 ;39,56;55,13;3,71;51,42;35,85;-15,57;;;;;;33,21;39,56;49,68;35,28;;;39,56;39,56
In_71 ;66,85;73,64;27;46,64;39,85;-6,79;;;;;;54,19;66,85;0;58,17;;;66,85;66,85
In_72 ;55,81;68,41;6,46;61,95;49,35;-12,6;;;;;;0;55,81;67,11;53,7;;;55,81;55,81
In_73 ;69,12;55,06;23,41;31,65;45,71;14,06;;;;;;68,68;69,12;0;70,79;;;69,12;69,12
In_74 ;73,48;44,2;22,04;22,16;51,44;29,28;;;;;;61,27;73,48;0;73,05;;;73,48;73,48
In_75 ;60,2;23,78;53,88;-30,1;6,32;36,42;;;;;;3,73;60,2;0;57,17;;;60,2;60,2
In_76 ;70,17;10,8;27,14;-16,34;43,03;59,37;;;;;;63,28;70,17;0;65,84;;;70,17;70,17
In_77 ;56,99;6,91;29;-22,09;27,99;50,08;;;;;;0;56,99;0;48,8;;;56,99;56,99
In_78 ;75,16;45,8;22,86;22,94;52,3;29,36;;;;;;74,71;75,16;12,11;76,53;;;75,16;75,16
In_79 ;66,1;0;34,13;-34,13;31,97;66,1;;;;;;26,85;66,1;0;32,98;;;66,1;66,1
In_80 ;60,95;10,17;25,6;-15,43;35,35;50,78;;;;;;72,08;60,95;0;64,71;;;60,95;60,95
In_81 ;66,63;20,25;47,1;-26,85;19,53;46,38;;;;;;70,71;66,63;0;21,19;;;66,63;66,63
In_82 ;67,7;78,18;56,16;22,02;11,54;-10,48;;;;;;57,2;67,7;0;69,73;;;67,7;67,7
In_83 ;0;0;54,24;-54,24;-54,24;0;;;;;;0;0;0;0;;;0;44,91
In_84 ;64,49;62,97;50,14;12,83;14,35;1,52;;;;;;53,72;64,49;0;65,28;;;64,49;64,49
In_85 ;61,7;35,12;51,79;-16,67;9,91;26,58;;;;;;56,54;61,7;38,54;62,12;;;61,7;61,7
In_86 ;72,76;60,51;45,74;14,77;27,02;12,25;;;;;;65,37;72,76;28,36;70,14;;;72,76;72,76
In_87 ;66,26;55,42;43,93;11,49;22,33;10,84;;;;;;60,04;66,26;67,8;64,09;;;66,26;66,26
In_88 ;0;36,38;7,16;29,22;-7,16;-36,38;;;;;;0;0;8,57;0;;;0;4,07
In_89 ;0;59,87;3,69;56,18;-3,69;-59,87;;;;;;2,83;0;0;3,02;;;0;2,06
In_90 ;56,04;60,94;9,68;51,26;46,36;-4,9;;;;;;0;56,04;0;42,88;;;56,04;56,04
In_91 ;0;34,44;6,25;28,19;-6,25;-34,44;;;;;;0;0;0;0;;;0;3,73
In_92 ;61,45;56,99;58,97;-1,98;2,48;4,46;;;;;;64,36;61,45;62;61,95;;;61,45;61,45
In_93 ;56,75;56,18;44,77;11,41;11,98;0,57;;;;;;20,88;56,75;44,98;64,74;;;56,75;56,75
In_94 ;73,44;55,36;56,6;-1,24;16,84;18,08;;;;;;65,87;73,44;73,65;72,99;;;73,44;73,44
In_95 ;50,29;61,36;31,43;29,93;18,86;-11,07;;;;;;14,62;50,29;59,34;15,98;;;50,29;50,29
In_96 ;46,86;61,52;30,51;31,01;16,35;-14,66;;;;;;40,28;46,86;0;48,01;;;46,86;46,86
In_97 ;0;75,11;24,54;50,57;-24,54;-75,11;;;;;;0;0;69,99;0;;;0;15,29
In_98 ;44,77;0;44,77;-44,77;0;44,77;;;;;;67,72;44,77;0;65,33;;;44,77;44,77
In_99 ;43,51;0;49,15;-49,15;-5,64;43,51;;;;;;64,47;43,51;43,36;43,38;;;43,51;43,51
In_100 ;61,56;10;49,27;-39,27;12,29;51,56;;;;;;57,46;61,56;62,62;62,87;;;61,56;61,56
In_101 ;62,93;59,78;55,33;4,45;7,6;3,15;;;;;;60,9;62,93;63,47;63,09;;;62,93;62,93
In_102 ;77,26;73,1;51,56;21,54;25,7;4,16;;;;;;70,96;77,26;80,87;77,44;;;77,26;77,26
In_103 ;78,73;59,53;68,28;-8,75;10,45;19,2;;;;;;62,42;78,73;77,01;74,65;;;78,73;78,73
In_104 ;77,03;67,11;55,15;11,96;21,88;9,92;;;;;;69,17;77,03;75,32;75,91;;;77,03;77,03
In_105 ;61,39;15,03;50,69;-35,66;10,7;46,36;;;;;;62,1;61,39;66,06;65,62;;;61,39;61,39
In_106 ;72,71;52,1;68,03;-15,93;4,68;20,61;;;;;;0;72,71;0;71,39;;;72,71;72,71
In_107 ;42,36;46,47;15,17;31,3;27,19;-4,11;;;;;;0;42,36;62,01;38,72;;;42,36;42,36
In_108 ;28,22;50,83;28,39;22,44;-0,17;-22,61;;;;;;32,24;28,22;0;29,66;;;28,22;28,22
In_109 ;62,26;32,63;47,48;-14,85;14,78;29,63;;;;;;45,9;62,26;0;46,52;;;62,26;62,26
In_110 ;52,46;66,44;26;40,44;26,46;-13,98;;;;;;0;52,46;0;0;;;52,46;52,46
In_111 ;11,04;63,66;51,97;11,69;-40,93;-52,62;;;;;;11,94;11,04;65,75;11,04;;;11,04;11,04
In_112 ;59,07;0;38,04;-38,04;21,03;59,07;;;;;;43,63;59,07;0;54,5;;;59,07;59,07
In_113 ;67,77;52,48;54,24;-1,76;13,53;15,29;;;;;;32,3;67,77;52,81;31,54;;;67,77;67,77
In_114 ;76,06;69,31;55,94;13,37;20,12;6,75;;;;;;77,44;76,06;75,56;77,12;;;76,06;76,06
In_115 ;75,09;52,13;53,94;-1,81;21,15;22,96;;;;;;44,57;75,09;75,13;67,63;;;75,09;75,09
In_116 ;71,8;73,99;50,47;23,52;21,33;-2,19;;;;;;51,67;71,8;69,21;55,84;;;71,8;71,8
In_117 ;81,66;71,61;58,28;13,33;23,38;10,05;;;;;;71,99;81,66;65,33;80,52;;;81,66;81,66
In_118 ;65,27;70,64;30,4;40,24;34,87;-5,37;;;;;;31,56;65,27;72,62;50,98;;;65,27;65,27
In_119 ;75,21;69,82;44,31;25,51;30,9;5,39;;;;;;61;75,21;74,92;67,7;;;75,21;75,21
In_120 ;43,39;68,12;66,59;1,53;-23,2;-24,73;;;;;;44,29;43,39;42,19;42,73;;;43,39;43,39
In_121 ;79,51;64,81;44,17;20,64;35,34;14,7;;;;;;76,23;79,51;78,8;79,54;;;79,51;79,51
In_122 ;72,35;21,54;57,33;-35,79;15,02;50,81;;;;;;72,72;72,35;33,52;72,11;;;72,35;72,35
In_123 ;65,42;64,73;63,55;1,18;1,87;0,69;;;;;;69,4;65,42;65,94;65,08;;;65,42;65,42
In_124 ;65,44;52,28;52,03;0,25;13,41;13,16;;;;;;58,84;65,44;66,56;56,15;;;65,44;65,44
In_125 ;33,19;34,49;14,38;20,11;18,81;-1,3;;;;;;0;33,19;40,18;13,05;;;33,19;33,19
In_126 ;0;32,16;7,68;24,48;-7,68;-32,16;;;;;;0;0;27,2;0;;;0;3,9
In_127 ;79,02;69,83;34,62;35,21;44,4;9,19;;;;;;70,46;79,02;0;78,2;;;79,02;79,02
In_128 ;73,95;69,22;55,62;13,6;18,33;4,73;;;;;;66,24;73,95;0;77;;;73,95;73,95
In_129 ;61,14;45,35;46,59;-1,24;14,55;15,79;;;;;;61,51;61,14;0;64,02;;;61,14;61,14
In_130 ;53,41;16,09;42,49;-26,4;10,92;37,32;;;;;;45,27;53,41;30,82;50,02;;;53,41;53,41
In_131 ;77,66;62,05;62,34;-0,29;15,32;15,61;;;;;;68,7;77,66;0;72,6;;;77,66;77,66
In_132 ;0;0;17,77;-17,77;-17,77;0;;;;;;0;0;0;0;;;0;15,3
In_133 ;70,17;30,19;58,73;-28,54;11,44;39,98;;;;;;0;70,17;0;69,06;;;70,17;70,17
In_134 ;18,77;17,22;45,99;-28,77;-27,22;1,55;;;;;;0;18,77;78,49;0;;;18,77;18,77
In_135 ;57,19;72,57;18,34;54,23;38,85;-15,38;;;;;;0;57,19;61,71;0;;;57,19;57,19
In_136 ;0;49,54;2,86;46,68;-2,86;-49,54;;;;;;0;0;60,43;0;;;0;1,37
In_137 ;50,28;69,81;2,72;67,09;47,56;-19,53;;;;;;0;50,28;66,5;0;;;50,28;50,28
In_138 ;0;0;3,78;-3,78;-3,78;0;;;;;;0;0;0;0;;;0;1,87
In_139 ;12,5;31,65;14,36;17,29;-1,86;-19,15;;;;;;0;12,5;23,43;57,4;;;12,5;12,5
In_140 ;33,77;56,92;17,16;39,76;16,61;-23,15;;;;;;0;33,77;36,94;59,39;;;33,77;33,77
In_141 ;34,08;44,53;12,9;31,63;21,18;-10,45;;;;;;0;34,08;69,39;53,92;;;34,08;34,08
In_142 ;0;31,93;5,51;26,42;-5,51;-31,93;;;;;;0;0;0;0;;;0;2,77
In_143 ;70,76;52,5;53,72;-1,22;17,04;18,26;;;;;;64,88;70,76;45,15;68;;;70,76;70,76
In_144 ;73,47;44,91;49,42;-4,51;24,05;28,56;;;;;;69,52;73,47;42,86;69,38;;;73,47;73,47
In_145 ;78,81;76,41;76;0,41;2,81;2,4;;;;;;67,67;78,81;84,51;74,64;;;78,81;78,81
In_146 ;76,48;21,42;69,13;-47,71;7,35;55,06;;;;;;72,09;76,48;81,32;76,03;;;76,48;76,48
In_147 ;76,69;21,19;68,87;-47,68;7,82;55,5;;;;;;72,35;76,69;80,24;76,17;;;76,69;76,69
In_148 ;75,33;10,85;71,14;-60,29;4,19;64,48;;;;;;66,33;75,33;74,64;77,91;;;75,33;75,33
In_149 ;44,21;63,95;14,74;49,21;29,47;-19,74;;;;;;39,42;44,21;72,76;41,02;;;44,21;44,21
In_150 ;11,26;47,66;26,3;21,36;-15,04;-36,4;;;;;;11,38;11,26;0;11,5;;;11,26;11,26
In_151 ;39,58;43,6;43,33;0,27;-3,75;-4,02;;;;;;49,68;39,58;56,33;39,84;;;39,58;39,58
In_152 ;52,76;7,59;39,01;-31,42;13,75;45,17;;;;;;6,08;52,76;56,04;6,31;;;52,76;52,76
In_153 ;51,53;0;50,78;-50,78;0,75;51,53;;;;;;75,64;51,53;63,27;72,87;;;51,53;51,53
In_154 ;59,35;16,98;35,36;-18,38;23,99;42,37;;;;;;57,22;59,35;69,47;59,06;;;59,35;59,35
In_155 ;52,3;63,88;22,23;41,65;30,07;-11,58;;;;;;0;52,3;43,68;49,97;;;52,3;52,3
In_156 ;56,53;3,88;34,23;-30,35;22,3;52,65;;;;;;48,61;56,53;60,11;50,25;;;56,53;56,53
In_157 ;26,97;56,79;15,17;41,62;11,8;-29,82;;;;;;9,27;26,97;28,22;10,3;;;26,97;26,97
In_158 ;68,79;70,94;7,33;63,61;61,46;-2,15;;;;;;0;68,79;78,78;62,34;;;68,79;68,79
In_159 ;40,84;5,86;28,3;-22,44;12,54;34,98;;;;;;9,71;40,84;0;14,09;;;40,84;40,84
In_160 ;32,35;43,83;37,09;6,74;-4,74;-11,48;;;;;;27,69;32,35;0;30,1;;;32,35;32,35
In_161 ;83,3;2,36;61,47;-59,11;21,83;80,94;;;;;;53,02;83,3;74,81;84,94;;;83,3;83,3
In_162 ;37,37;44,88;45,25;-0,37;-7,88;-7,51;;;;;;49,19;37,37;53,42;37,6;;;37,37;37,37
In_163 ;57,01;47,94;47,86;0,08;9,15;9,07;;;;;;35,81;57,01;47,95;57,01;;;57,01;57,01
In_164 ;57,31;7,89;31,26;-23,37;26,05;49,42;;;;;;57,79;57,31;70,01;56,63;;;57,31;57,31
In_165 ;77,48;9,49;65,19;-55,7;12,29;67,99;;;;;;77,71;77,48;75,51;77,76;;;77,48;77,48
In_166 ;62,94;58,81;21,63;37,18;41,31;4,13;;;;;;32,43;62,94;62,39;56,38;;;62,94;62,94
In_167 ;0;25,31;38,28;-12,97;-38,28;-25,31;;;;;;0;0;48,29;0;;;0;31,81
In_168 ;66,67;5,32;48,81;-43,49;17,86;61,35;;;;;;4,98;66,67;57,15;65,43;;;66,67;66,67
In_169 ;0;57,18;54,29;2,89;-54,29;-57,18;;;;;;42,43;0;0;0;;;0;47,74
In_170 ;72,82;73,4;71,36;2,04;1,46;-0,58;;;;;;65,47;72,82;79,77;71,65;;;72,82;72,82
In_171 ;70,99;78,05;75,02;3,03;-4,03;-7,06;;;;;;65,93;70,99;79,06;69,04;;;70,99;70,99
In_172 ;61,71;55,2;56,73;-1,53;4,98;6,51;;;;;;59,74;61,71;60,19;56,1;;;61,71;61,71
In_173 ;43,3;60,42;33,36;27,06;9,94;-17,12;;;;;;37,15;43,3;44,62;43,2;;;43,3;43,3
In_174 ;31,77;53,19;11,92;41,27;19,85;-21,42;;;;;;0;31,77;58,13;62,87;;;31,77;31,77
In_175 ;68,71;67,16;66,39;0,77;2,32;1,55;;;;;;61,06;68,71;70,12;64,29;;;68,71;68,71
In_176 ;74,17;70,19;69,36;0,83;4,81;3,98;;;;;;66,64;74,17;75,31;69,31;;;74,17;74,17
In_177 ;64,15;78,5;13,76;64,74;50,39;-14,35;;;;;;42,52;64,15;67,61;59,86;;;64,15;64,15
In_178 ;27,37;14,25;36,18;-21,93;-8,81;13,12;;;;;;35,32;27,37;52,34;33,95;;;27,37;27,37
In_179 ;25,29;45;5,33;39,67;19,96;-19,71;;;;;;25,04;25,29;0;33,25;;;25,29;25,29
In_180 ;64,06;73,08;11,2;61,88;52,86;-9,02;;;;;;43,18;64,06;75,15;60,67;;;64,06;64,06
In_181 ;62,1;17,94;25,29;-7,35;36,81;44,16;;;;;;0;62,1;0;53,93;;;62,1;62,1
In_182 ;68,07;72,27;57,91;14,36;10,16;-4,2;;;;;;0;68,07;0;61,1;;;68,07;68,07
In_183 ;0;0;32,91;-32,91;-32,91;0;;;;;;0;0;0;0;;;0;33,89
In_184 ;73,62;71,55;60,56;10,99;13,06;2,07;;;;;;57,36;73,62;0;70,73;;;73,62;73,62
In_185 ;68,14;71,53;50,98;20,55;17,16;-3,39;;;;;;54,48;68,14;0;66,25;;;68,14;68,14
In_186 ;64,06;68,63;52,2;16,43;11,86;-4,57;;;;;;50,19;64,06;27,76;65,18;;;64,06;64,06
In_187 ;56,53;67,55;62,98;4,57;-6,45;-11,02;;;;;;45,48;56,53;63,09;53,64;;;56,53;56,53
In_188 ;53,26;66,56;61,81;4,75;-8,55;-13,3;;;;;;42,71;53,26;58,68;52,15;;;53,26;53,26
In_189 ;52,55;59,72;58,99;0,73;-6,44;-7,17;;;;;;51,29;52,55;54,74;52,57;;;52,55;52,55
In_190 ;79,45;47,91;68,19;-20,28;11,26;31,54;;;;;;80,65;79,45;80,05;81,02;;;79,45;79,45
In_191 ;49,9;36,65;28,6;8,05;21,3;13,25;;;;;;50,9;49,9;37,86;49,94;;;49,9;49,9
In_192 ;78,86;75,28;75,28;0;3,58;3,58;;;;;;75,19;78,86;76,84;78,13;;;78,86;78,86
In_193 ;82,65;73,57;72,04;1,53;10,61;9,08;;;;;;76,15;82,65;82,63;81,89;;;82,65;82,65
In_194 ;23,84;16,56;34,33;-17,77;-10,49;7,28;;;;;;18,25;23,84;0;23,81;;;23,84;23,84
In_195 ;56,48;0;20,62;-20,62;35,86;56,48;;;;;;30,68;56,48;0;61,55;;;56,48;56,48
In_196 ;67,93;74,65;29,46;45,19;38,47;-6,72;;;;;;56,63;67,93;73,43;64,78;;;67,93;67,93
In_197 ;0;71,47;51,72;19,75;-51,72;-71,47;;;;;;0;0;0;0;;;0;64
In_198 ;78,37;7,03;62,38;-55,35;15,99;71,34;;;;;;74,49;78,37;82,38;77,66;;;78,37;78,37
In_199 ;84,8;82,92;71,29;11,63;13,51;1,88;;;;;;81,27;84,8;86,94;86,07;;;84,8;84,8
In_200 ;77,29;0;70,36;-70,36;6,93;77,29;;;;;;81,37;77,29;78,25;76,74;;;77,29;77,29
In_201 ;75,63;71,2;66,99;4,21;8,64;4,43;;;;;;64,75;75,63;87,56;74,74;;;75,63;75,63
In_202 ;69,97;74,11;67,34;6,77;2,63;-4,14;;;;;;60,46;69,97;84,25;68,82;;;69,97;69,97
In_203 ;75,64;80,94;71,22;9,72;4,42;-5,3;;;;;;69,8;75,64;0;74,52;;;75,64;75,64
In_204 ;50,99;63,6;11,81;51,79;39,18;-12,61;;;;;;0;50,99;0;0;;;50,99;50,99
In_205 ;80,58;69,08;67,85;1,23;12,73;11,5;;;;;;74,8;80,58;0;79,65;;;80,58;80,58
In_206 ;22,08;68;14,14;53,86;7,94;-45,92;;;;;;0;22,08;0;48,27;;;22,08;22,08
In_207 ;22,36;40;3,09;36,91;19,27;-17,64;;;;;;0;22,36;60,34;0;;;22,36;22,36
In_208 ;58,75;67,67;48,27;19,4;10,48;-8,92;;;;;;56,25;58,75;63,27;58,39;;;58,75;58,75
In_209 ;72,2;73,27;64,35;8,92;7,85;-1,07;;;;;;66,51;72,2;68,58;70,26;;;72,2;72,2
In_210 ;56,65;73,59;69,47;4,12;-12,82;-16,94;;;;;;51,14;56,65;70,38;55,22;;;56,65;56,65
In_211 ;70,65;69,4;69,4;0;1,25;1,25;;;;;;48,87;70,65;60,48;67,08;;;70,65;70,65
In_212 ;63,74;77,61;18,51;59,1;45,23;-13,87;;;;;;0;63,74;83,73;51,44;;;63,74;63,74
In_213 ;64,77;71,14;26,4;44,74;38,37;-6,37;;;;;;58,75;64,77;71,8;62,14;;;64,77;64,77
In_214 ;53,8;70,89;18,4;52,49;35,4;-17,09;;;;;;0;53,8;0;0;;;53,8;53,8
In_215 ;0;64,49;56,41;8,08;-56,41;-64,49;;;;;;38,57;0;0;0;;;0;58,12
In_216 ;82,18;0;55,94;-55,94;26,24;82,18;;;;;;62,07;82,18;0;70,35;;;82,18;82,18
In_217 ;72,21;0;63,1;-63,1;9,11;72,21;;;;;;60;72,21;0;78,7;;;72,21;72,21
In_218 ;55,93;68,44;23,6;44,84;32,33;-12,51;;;;;;0;55,93;0;53,16;;;55,93;55,93
In_219 ;39,61;58,73;4,49;54,24;35,12;-19,12;;;;;;0;39,61;0;0;;;39,61;39,61
In_220 ;83,09;81,81;78,84;2,97;4,25;1,28;;;;;;79,41;83,09;84,78;82,63;;;83,09;83,09
In_221 ;79,44;69,76;77,09;-7,33;2,35;9,68;;;;;;75,57;79,44;81,45;78,79;;;79,44;79,44
In_222 ;74,52;0;11,16;-11,16;63,36;74,52;;;;;;0;74,52;72,77;0;;;74,52;74,52
In_223 ;23,72;66,61;13,51;53,1;10,21;-42,89;;;;;;0;23,72;30,54;21,1;;;23,72;23,72
In_224 ;49,85;0;31,7;-31,7;18,15;49,85;;;;;;12,79;49,85;0;0;;;49,85;49,85
In_225 ;15,85;0;8,13;-8,13;7,72;15,85;;;;;;0;15,85;0;0;;;15,85;15,85
In_226 ;76,85;81,53;24,87;56,66;51,98;-4,68;;;;;;54,21;76,85;0;71,21;;;76,85;76,85
In_227 ;41,18;0;0,13;-0,13;41,05;41,18;;;;;;0;41,18;0;34,12;;;41,18;41,18
In_228 ;33,42;50,53;3,31;47,22;30,11;-17,11;;;;;;0;33,42;58,43;19,97;;;33,42;33,42
In_229 ;32,24;0;26,32;-26,32;5,92;32,24;;;;;;20,59;32,24;36,91;76,76;;;32,24;32,24
In_230 ;77,24;76,43;70,22;6,21;7,02;0,81;;;;;;49,21;77,24;46,73;64,05;;;77,24;77,24
In_231 ;39,77;35,34;12,55;22,79;27,22;4,43;;;;;;0;39,77;46,18;46,26;;;39,77;39,77
In_232 ;37,69;22,93;25,16;-2,23;12,53;14,76;;;;;;43,94;37,69;46,96;52,27;;;37,69;37,69
In_233 ;47,19;36,63;32,46;4,17;14,73;10,56;;;;;;36,09;47,19;39,5;40,54;;;47,19;47,19
In_234 ;38,03;30,13;19,97;10,16;18,06;7,9;;;;;;53,32;38,03;45,45;47,11;;;38,03;38,03
In_235 ;6,03;48,51;44,24;4,27;-38,21;-42,48;;;;;;0;6,03;0;0;;;6,03;6,03
In_236 ;45,45;58,49;46,39;12,1;-0,94;-13,04;;;;;;0;45,45;0;0;;;45,45;45,45
In_237 ;19,04;28,81;2,85;25,96;16,19;-9,77;;;;;;0;19,04;15,43;9,15;;;19,04;19,04
In_238 ;14,21;61,64;11,91;49,73;2,3;-47,43;;;;;;0;14,21;32,08;0;;;14,21;14,21
In_239 ;0;44,04;3,77;40,27;-3,77;-44,04;;;;;;0;0;64,78;0;;;0;2,4
In_240 ;0;29,25;0,72;28,53;-0,72;-29,25;;;;;;0;0;45,21;0;;;0;0,72
In_241 ;23,08;35,29;4,05;31,24;19,03;-12,21;;;;;;13,84;23,08;0;19,21;;;23,08;23,08
In_242 ;55,94;53,39;18,11;35,28;37,83;2,55;;;;;;0;55,94;51,18;40,8;;;55,94;55,94
In_243 ;51,41;22,13;27,38;-5,25;24,03;29,28;;;;;;59,85;51,41;54,93;52,71;;;51,41;51,41
In_244 ;58,16;43,64;40,63;3,01;17,53;14,52;;;;;;42,32;58,16;27,05;47,72;;;58,16;58,16
In_245 ;0;56,73;14,04;42,69;-14,04;-56,73;;;;;;0;0;47,53;0;;;0;10,59
In_246 ;79,97;70,45;67,66;2,79;12,31;9,52;;;;;;72,32;79,97;7,53;78,26;;;79,97;79,97
In_247 ;72,57;0;64,69;-64,69;7,88;72,57;;;;;;75,51;72,57;0;75,17;;;72,57;72,57
In_248 ;73,31;0;62,65;-62,65;10,66;73,31;;;;;;62,61;73,31;59,41;67,43;;;73,31;73,31
In_249 ;0;0;21,7;-21,7;-21,7;0;;;;;;0;0;38,57;0;;;0;11,44
In_250 ;70,6;30,53;58,86;-28,33;11,74;40,07;;;;;;71,49;70,6;72,21;68,13;;;70,6;70,6
In_251 ;0;50,91;13,01;37,9;-13,01;-50,91;;;;;;0;0;48,88;0;;;0;8,17
In_252 ;65,92;39,45;7;32,45;58,92;26,47;;;;;;0;65,92;35,47;0;;;65,92;65,92
In_253 ;41,79;0;7,33;-7,33;34,46;41,79;;;;;;0;41,79;0;0;;;41,79;41,79
In_254 ;59,37;0;50,64;-50,64;8,73;59,37;;;;;;44,32;59,37;39,17;56,81;;;59,37;59,37
In_255 ;0;18,59;18,21;0,38;-18,21;-18,59;;;;;;8,64;0;48,89;0;;;0;12,75
In_256 ;14,36;32,73;15,93;16,8;-1,57;-18,37;;;;;;0;14,36;44,47;0;;;14,36;14,36
In_257 ;27,52;27,96;5,86;22,1;21,66;-0,44;;;;;;0;27,52;34,55;0;;;27,52;27,52
In_258 ;75,46;50,53;62,92;-12,39;12,54;24,93;;;;;;76,1;75,46;66,81;79,11;;;75,46;75,46
In_259 ;64;73,25;42,01;31,24;21,99;-9,25;;;;;;0;64;72,25;65,96;;;64;64
In_260 ;60,09;59,45;43,44;16,01;16,65;0,64;;;;;;53,27;60,09;60,77;54,78;;;60,09;60,09
In_261 ;64,36;57,22;40,85;16,37;23,51;7,14;;;;;;56,86;64,36;62,34;58,96;;;64,36;64,36
In_262 ;61,4;61,94;28,44;33,5;32,96;-0,54;;;;;;52,07;61,4;63,34;59,48;;;61,4;61,4
In_263 ;0;60,85;7,34;53,51;-7,34;-60,85;;;;;;0;0;0;0;;;0;5,61
In_264 ;69,89;13,29;51,53;-38,24;18,36;56,6;;;;;;71,55;69,89;70,81;73,53;;;69,89;69,89
In_265 ;72,92;38,51;54,99;-16,48;17,93;34,41;;;;;;72,18;72,92;0;70,42;;;72,92;72,92
In_266 ;74,06;72,62;48,13;24,49;25,93;1,44;;;;;;64,52;74,06;72,44;66,84;;;74,06;74,06
In_267 ;62,99;65,99;37;28,99;25,99;-3;;;;;;52,98;62,99;55,96;63,39;;;62,99;62,99
In_268 ;83,33;81,71;72,82;8,89;10,51;1,62;;;;;;80,45;83,33;84,65;82,87;;;83,33;83,33
In_269 ;28,9;43,95;8,82;35,13;20,08;-15,05;;;;;;20,19;28,9;0;25,94;;;28,9;28,9
In_270 ;61,59;0;59,05;-59,05;2,54;61,59;;;;;;60,67;61,59;52,82;62,07;;;61,59;61,59
In_271 ;35,63;0;34,8;-34,8;0,83;35,63;;;;;;29,49;35,63;0;33;;;35,63;35,63
In_272 ;47,21;62,75;17,4;45,35;29,81;-15,54;;;;;;0;47,21;30,92;0;;;47,21;47,21
In_273 ;0;0;7,3;-7,3;-7,3;0;;;;;;0;0;0;0;;;0;4,28
In_274 ;43,5;57,05;29,69;27,36;13,81;-13,55;;;;;;32,78;43,5;0;39,41;;;43,5;43,5
In_275 ;46,35;68,95;33,68;35,27;12,67;-22,6;;;;;;33,42;46,35;0;42,57;;;46,35;46,35
In_276 ;80,97;75,88;74,63;1,25;6,34;5,09;;;;;;0;80,97;85,84;78,26;;;80,97;80,97
In_277 ;90,19;79,48;78,82;0,66;11,37;10,71;;;;;;88,82;90,19;89,76;90,88;;;90,19;90,19
In_278 ;74,7;0;61,47;-61,47;13,23;74,7;;;;;;68,09;74,7;0;73,4;;;74,7;74,7
In_279 ;0;19,97;8,17;11,8;-8,17;-19,97;;;;;;0;0;35,65;0;;;0;4,9
In_280 ;45,71;65,44;36,08;29,36;9,63;-19,73;;;;;;29,48;45,71;56,78;45,07;;;45,71;45,71
In_281 ;0;0;14,68;-14,68;-14,68;0;;;;;;0;0;0;25,59;;;0;8,02
In_282 ;26,77;47,48;17,5;29,98;9,27;-20,71;;;;;;18,19;26,77;39,54;27,82;;;26,77;26,77
In_283 ;0;0;11,14;-11,14;-11,14;0;;;;;;9,06;0;0;0;;;0;7,71
In_284 ;29,74;33,71;7,13;26,58;22,61;-3,97;;;;;;0;29,74;9,45;0;;;29,74;29,74
In_285 ;56,34;0;62,54;-62,54;-6,2;56,34;;;;;;51,74;56,34;65,22;54,39;;;56,34;56,34
In_286 ;61,6;68,37;56,37;12;5,23;-6,77;;;;;;51,56;61,6;67,68;53,67;;;61,6;61,6
In_287 ;51,13;70,87;23,81;47,06;27,32;-19,74;;;;;;0;51,13;60,88;47,97;;;51,13;51,13
In_288 ;58,81;0;52,57;-52,57;6,24;58,81;;;;;;68,61;58,81;55,75;58,82;;;58,81;58,81
In_289 ;46,64;66,98;58,5;8,48;-11,86;-20,34;;;;;;43,65;46,64;56,91;44,87;;;46,64;46,64
In_290 ;57,42;69,98;69,67;0,31;-12,25;-12,56;;;;;;50,64;57,42;60,53;52,47;;;57,42;57,42
In_291 ;59,8;73,16;68,2;4,96;-8,4;-13,36;;;;;;49,38;59,8;51,89;58,16;;;59,8;59,8
In_292 ;25,32;49,14;12,63;36,51;12,69;-23,82;;;;;;14,51;25,32;34,22;23,08;;;25,32;25,32
In_293 ;37,08;54,35;27,16;27,19;9,92;-17,27;;;;;;21,36;37,08;61,69;62,43;;;37,08;37,08
In_294 ;18,37;20,96;8,32;12,64;10,05;-2,59;;;;;;6,92;18,37;0;16,64;;;18,37;18,37
In_295 ;51,97;24,51;37,32;-12,81;14,65;27,46;;;;;;0;51,97;0;56,7;;;51,97;51,97
In_296 ;27,57;56,83;30,92;25,91;-3,35;-29,26;;;;;;17,45;27,57;0;18,9;;;27,57;27,57
In_297 ;60,23;0;45,29;-45,29;14,94;60,23;;;;;;78,35;60,23;73,44;72,71;;;60,23;60,23
In_298 ;70,69;56,59;57,53;-0,94;13,16;14,1;;;;;;59;70,69;61,27;60,03;;;70,69;70,69
In_299 ;0;48,44;6,48;41,96;-6,48;-48,44;;;;;;2,7;0;0;3,32;;;0;3,58
In_300 ;30,87;48,07;8,32;39,75;22,55;-17,2;;;;;;20,68;30,87;43,54;26,77;;;30,87;30,87
Sc_1 ;15,04;0;5,85;-5,85;9,19;15,04;;;;;;43,97;43,97;51,21;51,07;;;43,97;43,97
Sc_2 ;16,24;0;5,38;-5,38;10,86;16,24;;;;;;40,89;40,89;50,76;46,15;;;40,89;40,89
Sc_3 ;25,3;12,06;13,48;-1,42;11,82;13,24;;;;;;55,01;55,01;59,55;63,5;;;55,01;55,01
Sc_4 ;41,95;0;28,7;-28,7;13,25;41,95;;;;;;70,36;70,36;69,05;69,06;;;70,36;70,36
Sc_5 ;35,8;0;27,39;-27,39;8,41;35,8;;;;;;0;0;0;0;;;0;63,93
Sc_6 ;9,42;0;24,7;-24,7;-15,28;9,42;;;;;;7,39;7,39;11,33;12,88;;;7,39;7,39
Sc_7 ;54,39;2,39;24,87;-22,48;29,52;52;;;;;;6,72;6,72;13,03;13,1;;;6,72;6,72
Sc_8 ;55,4;0;25,89;-25,89;29,51;55,4;;;;;;76,44;76,44;70,92;72,43;;;76,44;76,44
Sc_9 ;37,44;7,47;24,21;-16,74;13,23;29,97;;;;;;74,54;74,54;70,65;70,93;;;74,54;74,54
Sc_10 ;39,8;18,66;20,03;-1,37;19,77;21,14;;;;;;63,42;63,42;56,69;55,91;;;63,42;63,42
Sc_11 ;37,43;0;17,18;-17,18;20,25;37,43;;;;;;66,04;66,04;69,27;69,38;;;66,04;66,04
Sc_12 ;21,9;13,59;13,59;0;8,31;8,31;;;;;;58,33;58,33;65,54;66,3;;;58,33;58,33
Sc_13 ;18,78;6,44;6,44;0;12,34;12,34;;;;;;61,71;61,71;51,06;64,56;;;61,71;61,71
Sc_14 ;12,84;5,07;5,07;0;7,77;7,77;;;;;;59,2;59,2;65,16;67,46;;;59,2;59,2
Sc_15 ;10,78;3,7;3,7;0;7,08;7,08;;;;;;57,74;57,74;61,86;62,48;;;57,74;57,74
Sc_16 ;0;0;0;0;0;0;;;;;;55,14;55,14;63,42;62,96;;;55,14;55,14
Sc_17 ;0;0;0;0;0;0;;;;;;42,72;42,72;49,4;52,61;;;42,72;42,72
Sc_18 ;0;0;1,17;-1,17;-1,17;0;;;;;;0;0;52,41;0;;;0;2,49
Sc_19 ;0;0;1,05;-1,05;-1,05;0;;;;;;64,69;64,69;62,77;56,7;;;64,69;64,69
Sc_20 ;72,16;0;44,43;-44,43;27,73;72,16;;;;;;80,05;80,05;70,03;78,31;;;80,05;80,05
Sc_21 ;63,41;0;29,45;-29,45;33,96;63,41;;;;;;74,85;74,85;75,86;76,06;;;74,85;74,85
Sc_22 ;62,09;7,74;29,32;-21,58;32,77;54,35;;;;;;84,63;84,63;76,52;79,16;;;84,63;84,63
Sc_23 ;43,66;0;14,61;-14,61;29,05;43,66;;;;;;71,77;71,77;72,17;72,77;;;71,77;71,77
Sc_24 ;48,92;1,81;24,38;-22,57;24,54;47,11;;;;;;74,94;74,94;76,46;76,74;;;74,94;74,94
Sc_25 ;52,75;2,4;21,33;-18,93;31,42;50,35;;;;;;72,46;72,46;70,38;70,11;;;72,46;72,46
Sc_26 ;52,26;22,58;26,79;-4,21;25,47;29,68;;;;;;75,4;75,4;72,56;72,24;;;75,4;75,4
Sc_27 ;43,93;4,74;19,38;-14,64;24,55;39,19;;;;;;67,78;67,78;72,54;72,82;;;67,78;67,78
Sc_28 ;50;20,32;21,24;-0,92;28,76;29,68;;;;;;80,84;80,84;81,83;85,15;;;80,84;80,84
Sc_29 ;57,77;2,68;21,98;-19,3;35,79;55,09;;;;;;77,59;77,59;75,82;75,61;;;77,59;77,59
Sc_30 ;50,44;11,67;20,41;-8,74;30,03;38,77;;;;;;62,65;62,65;62,78;63,67;;;62,65;62,65
Sc_31 ;35,8;8,86;12,55;-3,69;23,25;26,94;;;;;;66,17;66,17;66,64;68,11;;;66,17;66,17
Sc_32 ;27,21;5,17;13,75;-8,58;13,46;22,04;;;;;;59,63;59,63;57,89;58,73;;;59,63;59,63
Sc_33 ;0;0;17,29;-17,29;-17,29;0;;;;;;0;0;0;0;;;0;30,12
Sc_34 ;72,83;0;57,69;-57,69;15,14;72,83;;;;;;77,63;77,63;79,26;78,15;;;77,63;77,63
Sc_35 ;73,32;0;55,57;-55,57;17,75;73,32;;;;;;79,25;79,25;81,9;80,08;;;79,25;79,25
Sc_36 ;71,46;0;58,66;-58,66;12,8;71,46;;;;;;75,05;75,05;76,87;76,25;;;75,05;75,05
Sc_37 ;91,37;0;75,94;-75,94;15,43;91,37;;;;;;89,42;89,42;87,87;88,09;;;89,42;89,42
Sc_38 ;94,24;0;74,03;-74,03;20,21;94,24;;;;;;92,48;92,48;90,67;90,78;;;92,48;92,48
Sc_39 ;95,64;0;73,04;-73,04;22,6;95,64;;;;;;94,18;94,18;89,95;91,37;;;94,18;94,18
Sc_40 ;93,96;74;74;0;19,96;19,96;;;;;;93,97;93,97;91,82;92,55;;;93,97;93,97
Sc_41 ;92,08;76,85;76,85;0;15,23;15,23;;;;;;91,76;91,76;89,05;90,04;;;91,76;91,76
Sc_42 ;86,15;0;65,39;-65,39;20,76;86,15;;;;;;83,34;83,34;81,73;82,31;;;83,34;83,34
Sc_43 ;92,35;58,56;58,56;0;33,79;33,79;;;;;;92,81;92,81;91,86;93,55;;;92,81;92,81
Sc_44 ;91,09;70,76;65,65;5,11;25,44;20,33;;;;;;89,49;89,49;88,52;91,24;;;89,49;89,49
Sc_45 ;91,81;77,13;77,13;0;14,68;14,68;;;;;;91,77;91,77;88,49;90,14;;;91,77;91,77
Sc_46 ;91,46;73,78;74,55;-0,77;16,91;17,68;;;;;;91,69;91,69;91,01;90,46;;;91,69;91,69
Sc_47 ;60,78;0;40,68;-40,68;20,1;60,78;;;;;;76,41;76,41;76,83;76,77;;;76,41;76,41
Sc_48 ;63,52;0;46,26;-46,26;17,26;63,52;;;;;;77,79;77,79;79,98;79,95;;;77,79;77,79
Sc_49 ;68,76;0;47,47;-47,47;21,29;68,76;;;;;;81,8;81,8;84,34;84,57;;;81,8;81,8
Sc_50 ;64,95;0;41,52;-41,52;23,43;64,95;;;;;;72,45;72,45;74,39;73,16;;;72,45;72,45
Sc_51 ;68,42;0;43,79;-43,79;24,63;68,42;;;;;;79,47;79,47;81,25;80,72;;;79,47;79,47
Sc_52 ;60,67;34,53;40,03;-5,5;20,64;26,14;;;;;;73,46;73,46;71,94;72,36;;;73,46;73,46
Sc_53 ;78,5;52,14;53,81;-1,67;24,69;26,36;;;;;;93,53;93,53;91,74;92,5;;;93,53;93,53
Sc_54 ;76,97;49,45;50,79;-1,34;26,18;27,52;;;;;;95,9;95,9;96,8;96,69;;;95,9;95,9
Sc_55 ;55,82;33,57;35,59;-2,02;20,23;22,25;;;;;;65,39;65,39;76,77;66,42;;;65,39;65,39
Sc_56 ;48,65;0;32,68;-32,68;15,97;48,65;;;;;;75,97;75,97;80,19;78,74;;;75,97;75,97
Sc_57 ;51,27;0;29,38;-29,38;21,89;51,27;;;;;;69,88;69,88;69,9;73,19;;;69,88;69,88
Sc_58 ;41,59;0;28,38;-28,38;13,21;41,59;;;;;;63,75;63,75;67,48;66,8;;;63,75;63,75
Sc_59 ;74,87;49,48;50,57;-1,09;24,3;25,39;;;;;;95,32;95,32;96,01;95,88;;;95,32;95,32
Sc_60 ;77,37;51,58;53,24;-1,66;24,13;25,79;;;;;;94,81;94,81;91,32;94,14;;;94,81;94,81
Sc_61 ;83,43;48,88;55,17;-6,29;28,26;34,55;;;;;;92,39;92,39;94,85;94,86;;;92,39;92,39
Sc_62 ;45,72;0;30,51;-30,51;15,21;45,72;;;;;;65,46;65,46;67,68;67,63;;;65,46;65,46
Sc_63 ;69,76;0;50,82;-50,82;18,94;69,76;;;;;;81,7;81,7;85,59;85,91;;;81,7;81,7
Sc_64 ;77,75;54,01;54,67;-0,66;23,08;23,74;;;;;;87,2;87,2;85,66;85,3;;;87,2;87,2
Sc_65 ;74,85;0;50,56;-50,56;24,29;74,85;;;;;;96,38;96,38;95,28;95,86;;;96,38;96,38
Sc_66 ;66,52;0;46,89;-46,89;19,63;66,52;;;;;;80,61;80,61;80,75;80,31;;;80,61;80,61
Sc_67 ;55,43;0;39,66;-39,66;15,77;55,43;;;;;;73,05;73,05;71,7;73,02;;;73,05;73,05
Sc_68 ;46,88;24,74;33,99;-9,25;12,89;22,14;;;;;;64,33;64,33;63,22;64,82;;;64,33;64,33
Sc_69 ;86,42;68,93;57,64;11,29;28,78;17,49;;;;;;70,12;70,12;81,86;82,38;;;70,12;70,12
Sc_70 ;59,52;0;45,21;-45,21;14,31;59,52;;;;;;71,64;71,64;69,55;73,35;;;71,64;71,64
Sc_71 ;0;0;7,81;-7,81;-7,81;0;;;;;;0;0;0;0;;;0;4,68
Sc_72 ;0;0;2,4;-2,4;-2,4;0;;;;;;5,02;5,02;0;0;;;5,02;5,02
Sc_73 ;4,22;0;5,25;-5,25;-1,03;4,22;;;;;;0;0;0;0;;;0;4,88
Sc_74 ;28,9;0;3,49;-3,49;25,41;28,9;;;;;;0;0;55,79;0;;;0;6,26
Sc_75 ;27,93;0;10,56;-10,56;17,37;27,93;;;;;;0;0;0;0;;;0;8,46
Sc_76 ;32,98;35,55;26,65;8,9;6,33;-2,57;;;;;;10,39;10,39;0;12,37;;;10,39;10,39
Sc_77 ;0;0;0;0;0;0;;;;;;23,83;23,83;0;0;;;23,83;23,83
Sc_78 ;0;0;0,87;-0,87;-0,87;0;;;;;;23,49;23,49;0;30,1;;;23,49;23,49
Sc_79 ;0;0;1,11;-1,11;-1,11;0;;;;;;33,29;33,29;28,66;27,54;;;33,29;33,29
Sc_80 ;0;0;34,7;-34,7;-34,7;0;;;;;;0;0;0;0;;;0;10,4
Sc_81 ;0;0;0,66;-0,66;-0,66;0;;;;;;38,08;38,08;34,15;47,13;;;38,08;38,08
Sc_82 ;13,12;0;11,63;-11,63;1,49;13,12;;;;;;39,99;39,99;27,4;25,33;;;39,99;39,99
Sc_83 ;0;0;5,87;-5,87;-5,87;0;;;;;;0;0;0;0;;;0;7,05
Sc_84 ;52,09;0;15,49;-15,49;36,6;52,09;;;;;;0;0;63,41;0;;;0;8,7
Sc_85 ;39,84;0;12,02;-12,02;27,82;39,84;;;;;;28,07;28,07;72,46;34,88;;;28,07;28,07
Sc_86 ;37,69;0;20,18;-20,18;17,51;37,69;;;;;;27,71;27,71;67,3;34,22;;;27,71;27,71
Sc_87 ;30,22;0;13,74;-13,74;16,48;30,22;;;;;;0;0;0;0;;;0;7,28
Sc_88 ;36,44;0;12,2;-12,2;24,24;36,44;;;;;;19,09;19,09;19,16;17,61;;;19,09;19,09
Sc_89 ;0;0;0,71;-0,71;-0,71;0;;;;;;62,6;62,6;61,27;46,94;;;62,6;62,6
Sc_90 ;60,07;0;47,76;-47,76;12,31;60,07;;;;;;69,4;69,4;70,35;71,87;;;69,4;69,4
Sc_91 ;74,91;0;54,62;-54,62;20,29;74,91;;;;;;78,83;78,83;77,25;82,32;;;78,83;78,83
Sc_92 ;75,57;0;56,83;-56,83;18,74;75,57;;;;;;75,72;75,72;0;75,64;;;75,72;75,72
Sc_93 ;45,32;33,73;36,36;-2,63;8,96;11,59;;;;;;60,93;60,93;58,19;57,85;;;60,93;60,93
Sc_94 ;80,3;68,46;59,5;8,96;20,8;11,84;;;;;;75,55;75,55;69,31;74,4;;;75,55;75,55
Sc_95 ;43,17;26,19;28,02;-1,83;15,15;16,98;;;;;;57,02;57,02;69,59;55,46;;;57,02;57,02
Sc_96 ;73,09;0;53,33;-53,33;19,76;73,09;;;;;;76,76;76,76;55,11;76,19;;;76,76;76,76
Sc_97 ;33,35;0;22,94;-22,94;10,41;33,35;;;;;;50,57;50,57;53,96;47,89;;;50,57;50,57
Sc_98 ;52,36;0;47,08;-47,08;5,28;52,36;;;;;;63,16;63,16;59,61;62,14;;;63,16;63,16
Sc_99 ;60,78;0;59,7;-59,7;1,08;60,78;;;;;;66,61;66,61;65,98;64,74;;;66,61;66,61
Sc_100 ;48,32;0;35,93;-35,93;12,39;48,32;;;;;;54,79;54,79;57,51;57,3;;;54,79;54,79
Sc_101 ;70,02;52,03;52,03;0;17,99;17,99;;;;;;72,55;72,55;72,18;72,56;;;72,55;72,55
Sc_102 ;86,65;0;65,51;-65,51;21,14;86,65;;;;;;87,29;87,29;86,85;86,89;;;87,29;87,29
Sc_103 ;57,73;0;42,57;-42,57;15,16;57,73;;;;;;63,75;63,75;68,69;65,83;;;63,75;63,75
Sc_104 ;46,72;28,72;31,08;-2,36;15,64;18;;;;;;53,05;53,05;56,2;55,25;;;53,05;53,05
Sc_105 ;46,97;0;32,25;-32,25;14,72;46,97;;;;;;54,24;54,24;56,91;56,86;;;54,24;54,24
Sc_106 ;67,88;0;59,59;-59,59;8,29;67,88;;;;;;82,62;82,62;81,99;82,68;;;82,62;82,62
Sc_107 ;79,33;57,46;57,46;0;21,87;21,87;;;;;;82,96;82,96;83,72;83,35;;;82,96;82,96
Sc_108 ;74,73;0;57,09;-57,09;17,64;74,73;;;;;;84,24;84,24;87,61;85,85;;;84,24;84,24
Sc_109 ;71,19;0;54,82;-54,82;16,37;71,19;;;;;;80,61;80,61;89,62;80,37;;;80,61;80,61
Sc_110 ;77,19;45,99;59,79;-13,8;17,4;31,2;;;;;;83,36;83,36;75,91;83,46;;;83,36;83,36
Sc_111 ;80,43;45,03;60,6;-15,57;19,83;35,4;;;;;;83,74;83,74;79,5;83,13;;;83,74;83,74
Sc_112 ;88,29;57,16;66,74;-9,58;21,55;31,13;;;;;;88,38;88,38;91,85;88,69;;;88,38;88,38
Sc_113 ;86,41;44,17;62,49;-18,32;23,92;42,24;;;;;;88,38;88,38;88,07;87,99;;;88,38;88,38
Sc_114 ;88,45;61,79;61,79;0;26,66;26,66;;;;;;89,8;89,8;89,86;89,64;;;89,8;89,8
Sc_115 ;86,28;46,69;62,35;-15,66;23,93;39,59;;;;;;87,67;87,67;87,05;87,39;;;87,67;87,67
Sc_116 ;80,94;54,16;63,92;-9,76;17,02;26,78;;;;;;82,69;82,69;82,41;82,82;;;82,69;82,69
Sc_117 ;87,55;48,84;64,83;-15,99;22,72;38,71;;;;;;88,68;88,68;87,68;88,01;;;88,68;88,68
Sc_118 ;81,96;57,31;63,33;-6,02;18,63;24,65;;;;;;82,99;82,99;82,83;82,4;;;82,99;82,99
Sc_119 ;79,5;57,71;63,69;-5,98;15,81;21,79;;;;;;80,69;80,69;80,4;80,18;;;80,69;80,69
Sc_120 ;80,46;60,94;60,94;0;19,52;19,52;;;;;;83,78;83,78;83,52;84,28;;;83,78;83,78
Sc_121 ;84,45;67,16;67,8;-0,64;16,65;17,29;;;;;;86,23;86,23;86,15;86,01;;;86,23;86,23
Sc_122 ;82,37;66,91;68,43;-1,52;13,94;15,46;;;;;;86,24;86,24;86,21;86,12;;;86,24;86,24
Sc_123 ;89,97;74,75;73,28;1,47;16,69;15,22;;;;;;84,22;84,22;84,02;83,88;;;84,22;84,22
Sc_124 ;48,22;37,38;33,58;3,8;14,64;10,84;;;;;;66,73;66,73;22,32;64,58;;;66,73;66,73
Sc_125 ;38,75;0;30,02;-30,02;8,73;38,75;;;;;;0;0;0;0;;;0;52,4
Sc_126 ;71,82;3,17;50,26;-47,09;21,56;68,65;;;;;;72,76;72,76;64,9;71,39;;;72,76;72,76
Sc_127 ;76,49;0;37,16;-37,16;39,33;76,49;;;;;;85,96;85,96;83,49;83,71;;;85,96;85,96
Sc_128 ;79,82;0;41,56;-41,56;38,26;79,82;;;;;;84,01;84,01;80,58;80,19;;;84,01;84,01
Sc_129 ;84,62;0;41,38;-41,38;43,24;84,62;;;;;;88,48;88,48;87,91;87,4;;;88,48;88,48
Sc_130 ;46,43;0;31,57;-31,57;14,86;46,43;;;;;;67,58;67,58;66,26;67,22;;;67,58;67,58
Sc_131 ;41,65;0;26,69;-26,69;14,96;41,65;;;;;;63,13;63,13;61,65;63,32;;;63,13;63,13
Sc_132 ;55,82;16,41;40,27;-23,86;15,55;39,41;;;;;;74,91;74,91;71,52;73,51;;;74,91;74,91
Sc_133 ;55,14;0;44,79;-44,79;10,35;55,14;;;;;;70,07;70,07;71,76;71,73;;;70,07;70,07
Sc_134 ;53,87;0;52,9;-52,9;0,97;53,87;;;;;;77,34;77,34;77,44;77,73;;;77,34;77,34
Sc_135 ;66,91;0;58,44;-58,44;8,47;66,91;;;;;;86,28;86,28;85,58;86,05;;;86,28;86,28
Sc_136 ;81,04;0;65,66;-65,66;15,38;81,04;;;;;;83,81;83,81;83,58;84,42;;;83,81;83,81
Sc_137 ;87,98;0;68,91;-68,91;19,07;87,98;;;;;;91,69;91,69;91,19;91,82;;;91,69;91,69
Sc_138 ;90,96;0;72,69;-72,69;18,27;90,96;;;;;;93,79;93,79;93,37;93,59;;;93,79;93,79
Sc_139 ;94,31;83,45;83,45;0;10,86;10,86;;;;;;94,1;94,1;94,15;94,34;;;94,1;94,1
Sc_140 ;94,64;80,2;80,2;0;14,44;14,44;;;;;;94,86;94,86;94,97;94,9;;;94,86;94,86
Sc_141 ;76,14;66,61;66,61;0;9,53;9,53;;;;;;75,88;75,88;75,66;75,42;;;75,88;75,88
Sc_142 ;91,23;76,01;76,01;0;15,22;15,22;;;;;;89,92;89,92;88,53;88,29;;;89,92;89,92
Sc_143 ;91,17;72,05;71,98;0,07;19,19;19,12;;;;;;90,37;90,37;88,2;88,59;;;90,37;90,37
Sc_144 ;92,29;67,39;67,39;0;24,9;24,9;;;;;;92,79;92,79;92,03;91,89;;;92,79;92,79
Sc_145 ;82,93;50,93;63,93;-13;19;32;;;;;;87,19;87,19;86,14;85,87;;;87,19;87,19
Sc_146 ;77,82;52,71;56,46;-3,75;21,36;25,11;;;;;;83,87;83,87;82,53;82,72;;;83,87;83,87
Sc_147 ;75,92;52,35;54,73;-2,38;21,19;23,57;;;;;;82,35;82,35;81,26;81,36;;;82,35;82,35
Sc_148 ;80,54;54,69;58,72;-4,03;21,82;25,85;;;;;;85,47;85,47;84,03;84,34;;;85,47;85,47
Sc_149 ;82,06;0;60,43;-60,43;21,63;82,06;;;;;;84,52;84,52;84,42;84,64;;;84,52;84,52
Sc_150 ;66,83;2,7;50,35;-47,65;16,48;64,13;;;;;;74,14;74,14;69,1;70,52;;;74,14;74,14
Sc_151 ;82,91;0;62,6;-62,6;20,31;82,91;;;;;;86,55;86,55;85,02;84,6;;;86,55;86,55
Sc_152 ;75,93;0;55,16;-55,16;20,77;75,93;;;;;;86,37;86,37;85,14;85,4;;;86,37;86,37
Sc_153 ;34,6;0;14,82;-14,82;19,78;34,6;;;;;;60,36;60,36;63,83;60,96;;;60,36;60,36
Sc_154 ;19,3;2,35;5,71;-3,36;13,59;16,95;;;;;;65,89;65,89;66,94;67,38;;;65,89;65,89
Sc_155 ;60,06;42,13;41,94;0,19;18,12;17,93;;;;;;79,94;79,94;80,09;80,19;;;79,94;79,94
Sc_156 ;63,47;45,35;47,4;-2,05;16,07;18,12;;;;;;74,18;74,18;74,55;74,5;;;74,18;74,18
Sc_157 ;65,89;2,33;44,69;-42,36;21,2;63,56;;;;;;78,81;78,81;78,48;78,36;;;78,81;78,81
Sc_158 ;26,87;0;13,92;-13,92;12,95;26,87;;;;;;52,63;52,63;57,93;57,65;;;52,63;52,63
Sc_159 ;42,24;0;25,75;-25,75;16,49;42,24;;;;;;63,41;63,41;71,93;72,71;;;63,41;63,41
Sc_160 ;46,8;0;28,39;-28,39;18,41;46,8;;;;;;64,48;64,48;67,66;68,23;;;64,48;64,48
Sc_161 ;74,46;53,18;48,64;4,54;25,82;21,28;;;;;;79,23;79,23;79,26;79,07;;;79,23;79,23
Sc_162 ;46,99;0;28,43;-28,43;18,56;46,99;;;;;;72,92;72,92;78,78;78,89;;;72,92;72,92
Sc_163 ;58,07;26,63;37,91;-11,28;20,16;31,44;;;;;;78,4;78,4;75,12;76,63;;;78,4;78,4
Sc_164 ;56,06;34,92;41,84;-6,92;14,22;21,14;;;;;;83,73;83,73;83,51;83,74;;;83,73;83,73
Sc_165 ;61,76;0;40,95;-40,95;20,81;61,76;;;;;;81,04;81,04;77,36;77,64;;;81,04;81,04
Sc_166 ;60,35;33,79;39,55;-5,76;20,8;26,56;;;;;;80,81;80,81;79,38;79,48;;;80,81;80,81
Sc_167 ;0;0;8,81;-8,81;-8,81;0;;;;;;53,91;53,91;69,21;70,79;;;53,91;53,91
Sc_168 ;33,59;8,08;20,18;-12,1;13,41;25,51;;;;;;42,26;42,26;40,44;41,27;;;42,26;42,26
Sc_169 ;66,61;0;47,81;-47,81;18,8;66,61;;;;;;71,98;71,98;69,5;69,18;;;71,98;71,98
Sc_170 ;80,67;36,44;54,76;-18,32;25,91;44,23;;;;;;83,96;83,96;81,41;81,38;;;83,96;83,96
Sc_171 ;69,17;27,15;54,2;-27,05;14,97;42,02;;;;;;69,24;69,24;67,55;65,9;;;69,24;69,24
Sc_172 ;55,57;0;51,71;-51,71;3,86;55,57;;;;;;69,17;69,17;65,7;66,85;;;69,17;69,17
Sc_173 ;76,75;61,91;61,91;0;14,84;14,84;;;;;;78,06;78,06;73,97;73,2;;;78,06;78,06
Sc_174 ;30,4;0;19,3;-19,3;11,1;30,4;;;;;;67,66;67,66;64,88;65,23;;;67,66;67,66
Sc_175 ;66,83;0;47,01;-47,01;19,82;66,83;;;;;;75,76;75,76;75,75;75,93;;;75,76;75,76
Sc_176 ;70,17;0;48,84;-48,84;21,33;70,17;;;;;;81,4;81,4;80,26;80,62;;;81,4;81,4
Sc_177 ;67,13;0;44,38;-44,38;22,75;67,13;;;;;;73,18;73,18;73,07;73,28;;;73,18;73,18
Sc_178 ;77,45;34,55;46,2;-11,65;31,25;42,9;;;;;;91,3;91,3;95,06;95,09;;;91,3;91,3
Sc_179 ;78,54;35,34;48,71;-13,37;29,83;43,2;;;;;;92,24;92,24;94,71;95;;;92,24;92,24
Sc_180 ;91,86;36,18;57,59;-21,41;34,27;55,68;;;;;;97,16;97,16;96,32;96,17;;;97,16;97,16
Sc_181 ;91,74;41,33;61,81;-20,48;29,93;50,41;;;;;;93,12;93,12;93,84;93,74;;;93,12;93,12
Sc_182 ;92,5;0;62,11;-62,11;30,39;92,5;;;;;;93,59;93,59;93,71;93,69;;;93,59;93,59
Sc_183 ;93,8;74,28;74,28;0;19,52;19,52;;;;;;93,45;93,45;91,77;91,98;;;93,45;93,45
Sc_184 ;96,15;76,53;76,53;0;19,62;19,62;;;;;;95,72;95,72;94,89;94,3;;;95,72;95,72
Sc_185 ;77,19;35,74;47,66;-11,92;29,53;41,45;;;;;;91,12;91,12;94,07;93,84;;;91,12;91,12
Sc_186 ;72,28;23,72;45,7;-21,98;26,58;48,56;;;;;;75,63;75,63;76,47;76,99;;;75,63;75,63
Sc_187 ;39,78;0;22,73;-22,73;17,05;39,78;;;;;;28,56;28,56;25,67;28,17;;;28,56;28,56
Sc_188 ;25,34;0;13,38;-13,38;11,96;25,34;;;;;;57,46;57,46;64,55;68,05;;;57,46;57,46
Sc_189 ;27,37;0;14,65;-14,65;12,72;27,37;;;;;;61,83;61,83;68,24;73,24;;;61,83;61,83
Sc_190 ;28,88;3,72;10,9;-7,18;17,98;25,16;;;;;;70,54;70,54;73,61;73,75;;;70,54;70,54
Sc_191 ;26,81;2,7;9,17;-6,47;17,64;24,11;;;;;;69,95;69,95;69,88;68,97;;;69,95;69,95
Sc_192 ;0;0;7,74;-7,74;-7,74;0;;;;;;59,8;59,8;72,92;73,31;;;59,8;59,8
Sc_193 ;0;0;0;0;0;0;;;;;;59,76;59,76;57,33;58,05;;;59,76;59,76
Sc_194 ;4,66;0;1,05;-1,05;3,61;4,66;;;;;;71,68;71,68;66,51;67,46;;;71,68;71,68
Sc_195 ;17,94;0;5,16;-5,16;12,78;17,94;;;;;;75,42;75,42;66,15;68,6;;;75,42;75,42
Sc_196 ;15,35;0;3,67;-3,67;11,68;15,35;;;;;;70,26;70,26;66,3;66,94;;;70,26;70,26
Sc_197 ;8,85;0;2,47;-2,47;6,38;8,85;;;;;;69,4;69,4;58,97;59,22;;;69,4;69,4
Sc_198 ;9,77;0;3,42;-3,42;6,35;9,77;;;;;;74,32;74,32;64,69;66,59;;;74,32;74,32
Sc_199 ;38,76;5,06;19,52;-14,46;19,24;33,7;;;;;;68,8;68,8;66,3;67,5;;;68,8;68,8
Sc_200 ;45,84;5,28;21,13;-15,85;24,71;40,56;;;;;;79,78;79,78;75,28;75,89;;;79,78;79,78
Sc_201 ;44,47;0;26,51;-26,51;17,96;44,47;;;;;;74,26;74,26;72,14;72,25;;;74,26;74,26
Sc_202 ;19,44;44,83;6,43;38,4;13,01;-25,39;;;;;;0;0;20,39;0;;;0;3,19
Sc_203 ;0;0;2,85;-2,85;-2,85;0;;;;;;85,15;85,15;70,58;73,65;;;85,15;85,15
Sc_204 ;0;0;0,51;-0,51;-0,51;0;;;;;;63,31;63,31;65,36;68,55;;;63,31;63,31
Sc_205 ;43,12;0;14,96;-14,96;28,16;43,12;;;;;;37,32;37,32;47,21;32,14;;;37,32;37,32
Sc_206 ;11,17;7,59;8,02;-0,43;3,15;3,58;;;;;;56,82;56,82;61,19;67,85;;;56,82;56,82
Sc_207 ;0;0;2,75;-2,75;-2,75;0;;;;;;70,6;70,6;69,4;71,39;;;70,6;70,6
Sc_208 ;0;0;0,62;-0,62;-0,62;0;;;;;;63,24;63,24;53,11;56,02;;;63,24;63,24
Sc_209 ;8,85;11,27;12,45;-1,18;-3,6;-2,42;;;;;;44,22;44,22;40,44;44,83;;;44,22;44,22
Sc_210 ;21,54;2,25;15,3;-13,05;6,24;19,29;;;;;;57,04;57,04;48,08;46,8;;;57,04;57,04
Sc_211 ;28,18;3,07;13,77;-10,7;14,41;25,11;;;;;;71,7;71,7;54,64;71,27;;;71,7;71,7
Sc_212 ;30,35;0;22,25;-22,25;8,1;30,35;;;;;;71,05;71,05;68,4;68,07;;;71,05;71,05
Sc_213 ;28,16;6,61;17;-10,39;11,16;21,55;;;;;;59,67;59,67;69,55;69,48;;;59,67;59,67
Sc_214 ;34,84;0;20,15;-20,15;14,69;34,84;;;;;;64,76;64,76;75,18;78,56;;;64,76;64,76
Sc_215 ;38,34;7,93;24,6;-16,67;13,74;30,41;;;;;;59,62;59,62;58,41;64,82;;;59,62;59,62
Sc_216 ;19,92;0;10,83;-10,83;9,09;19,92;;;;;;53,89;53,89;68,4;68,62;;;53,89;53,89
Sc_217 ;32,08;1,46;16,63;-15,17;15,45;30,62;;;;;;62,78;62,78;69,61;70,75;;;62,78;62,78
Sc_218 ;20,42;0;8,91;-8,91;11,51;20,42;;;;;;72,95;72,95;62,41;60,29;;;72,95;72,95
Sc_219 ;15,07;2,07;7,75;-5,68;7,32;13;;;;;;65,97;65,97;0;54,24;;;65,97;65,97
Sc_220 ;50,31;30,37;33,7;-3,33;16,61;19,94;;;;;;76,85;76,85;78,09;76,94;;;76,85;76,85
Sc_221 ;52,87;30,26;35,28;-5,02;17,59;22,61;;;;;;64,26;64,26;64,22;64,65;;;64,26;64,26
Sc_222 ;26,12;14,15;15,3;-1,15;10,82;11,97;;;;;;56,59;56,59;36,73;50,94;;;56,59;56,59
Sc_223 ;7,88;0;2,64;-2,64;5,24;7,88;;;;;;56,3;56,3;53,02;53,31;;;56,3;56,3
Sc_224 ;18,06;7,07;8,23;-1,16;9,83;10,99;;;;;;58,78;58,78;41,94;46,41;;;58,78;58,78
Sc_225 ;57,01;10,11;25,67;-15,56;31,34;46,9;;;;;;67,08;67,08;54,82;59,02;;;67,08;67,08
Sc_226 ;34,8;9,57;16,09;-6,52;18,71;25,23;;;;;;71,57;71,57;29,2;30,33;;;71,57;71,57
Sc_227 ;0;0;0;0;0;0;;;;;;59,25;59,25;68,97;27,23;;;59,25;59,25
Sc_228 ;0;0;2,82;-2,82;-2,82;0;;;;;;83,74;83,74;76,98;75,1;;;83,74;83,74
Sc_229 ;41,9;0;21,86;-21,86;20,04;41,9;;;;;;72,23;72,23;63,22;63,84;;;72,23;72,23
Sc_230 ;26,65;0;19,8;-19,8;6,85;26,65;;;;;;64,16;64,16;62,02;62,94;;;64,16;64,16
Sc_231 ;8,68;0;3,54;-3,54;5,14;8,68;;;;;;60,35;60,35;41,35;39,68;;;60,35;60,35
Sc_232 ;54,72;23,5;25,44;-1,94;29,28;31,22;;;;;;69,26;69,26;65,29;65,95;;;69,26;69,26
Sc_233 ;19,33;0;6,1;-6,1;13,23;19,33;;;;;;59,32;59,32;56,07;55,7;;;59,32;59,32
Sc_234 ;24,03;6,65;12,01;-5,36;12,02;17,38;;;;;;67,94;67,94;72,77;74,08;;;67,94;67,94
Sc_235 ;0;0;0,8;-0,8;-0,8;0;;;;;;70,24;70,24;61,58;65,05;;;70,24;70,24
Sc_236 ;10,62;8,82;9,1;-0,28;1,52;1,8;;;;;;48,71;48,71;62,01;62,6;;;48,71;48,71
Sc_237 ;26,13;0;12,38;-12,38;13,75;26,13;;;;;;80,59;80,59;70,95;72,18;;;80,59;80,59
Sc_238 ;31,34;0;16,5;-16,5;14,84;31,34;;;;;;63,48;63,48;79,22;79,95;;;63,48;63,48
Sc_239 ;23,69;0;10,53;-10,53;13,16;23,69;;;;;;71,36;71,36;58,93;61,69;;;71,36;71,36
Sc_240 ;57,24;29,34;34,81;-5,47;22,43;27,9;;;;;;80,15;80,15;78,25;79,83;;;80,15;80,15
Sc_241 ;36,86;0;22,38;-22,38;14,48;36,86;;;;;;62,9;62,9;69,89;68,9;;;62,9;62,9
Sc_242 ;23,97;0;8,32;-8,32;15,65;23,97;;;;;;58,81;58,81;35,48;52,63;;;58,81;58,81
Sc_243 ;55,07;0;35,27;-35,27;19,8;55,07;;;;;;61,51;61,51;60,96;60,98;;;61,51;61,51
Sc_244 ;54,28;0;32,58;-32,58;21,7;54,28;;;;;;72,02;72,02;0;67,96;;;72,02;72,02
Sc_245 ;0;0;4,02;-4,02;-4,02;0;;;;;;37,72;37,72;49,72;36,76;;;37,72;37,72
Sc_246 ;41,49;0;14,7;-14,7;26,79;41,49;;;;;;36,39;36,39;0;28,77;;;36,39;36,39
Sc_247 ;54,04;20,61;26,99;-6,38;27,05;33,43;;;;;;58,3;58,3;56,08;56,13;;;58,3;58,3
Sc_248 ;0;0;0;0;0;0;;;;;;45,05;45,05;29,31;59,33;;;45,05;45,05
Sc_249 ;0;0;0,55;-0,55;-0,55;0;;;;;;80,08;80,08;78,19;78,29;;;80,08;80,08
Sc_250 ;0;0;10,68;-10,68;-10,68;0;;;;;;65,55;65,55;77,07;77,62;;;65,55;65,55
Sc_251 ;35,39;0;18,42;-18,42;16,97;35,39;;;;;;20,72;20,72;20,25;2,67;;;20,72;20,72
Sc_252 ;36,11;0;19,23;-19,23;16,88;36,11;;;;;;22,22;22,22;20,79;6,34;;;22,22;22,22
Sc_253 ;27,93;0;16,73;-16,73;11,2;27,93;;;;;;66,6;66,6;63;62,9;;;66,6;66,6
Sc_254 ;0;0;6,72;-6,72;-6,72;0;;;;;;68,26;68,26;63,99;63,99;;;68,26;68,26
Sc_255 ;93,03;79,4;79,4;0;13,63;13,63;;;;;;93,13;93,13;93,72;93,81;;;93,13;93,13
Sc_256 ;95,6;74,74;74,74;0;20,86;20,86;;;;;;95,94;95,94;95,43;95,51;;;95,94;95,94
Sc_257 ;92,83;66,65;69,68;-3,03;23,15;26,18;;;;;;92,31;92,31;91,62;91,21;;;92,31;92,31
Sc_258 ;89,52;40,13;59,58;-19,45;29,94;49,39;;;;;;90,99;90,99;90,71;90,81;;;90,99;90,99
Sc_259 ;91,55;36,11;58,11;-22;33,44;55,44;;;;;;96,35;96,35;95,21;95,37;;;96,35;96,35
Sc_260 ;77,72;35,77;47,61;-11,84;30,11;41,95;;;;;;91,19;91,19;93,5;93,28;;;91,19;91,19
Sc_261 ;79,25;0;57,87;-57,87;21,38;79,25;;;;;;87,9;87,9;87,76;87,64;;;87,9;87,9
Sc_262 ;77,18;0;52,35;-52,35;24,83;77,18;;;;;;86,91;86,91;87,41;87,04;;;86,91;86,91
Sc_263 ;74,82;0;53,98;-53,98;20,84;74,82;;;;;;82,65;82,65;82,44;82,76;;;82,65;82,65
Sc_264 ;52,45;4,02;37,01;-32,99;15,44;48,43;;;;;;61,41;61,41;59,85;60,08;;;61,41;61,41
Sc_265 ;57,13;1,14;32,15;-31,01;24,98;55,99;;;;;;74,56;74,56;74,54;74,54;;;74,56;74,56
Sc_266 ;43,4;0;16,85;-16,85;26,55;43,4;;;;;;81,34;81,34;77,91;79,16;;;81,34;81,34
Sc_267 ;8,12;0;6,83;-6,83;1,29;8,12;;;;;;64,81;64,81;64,15;67,55;;;64,81;64,81
Sc_268 ;12,92;0;7,19;-7,19;5,73;12,92;;;;;;51,72;51,72;63,83;62,07;;;51,72;51,72
Sc_269 ;21,02;0;6,91;-6,91;14,11;21,02;;;;;;63,27;63,27;63,65;63,98;;;63,27;63,27
Sc_270 ;40,08;2,76;21,68;-18,92;18,4;37,32;;;;;;68,3;68,3;63,86;64,24;;;68,3;68,3
Sc_271 ;50,82;0;25,23;-25,23;25,59;50,82;;;;;;76,69;76,69;75,22;75,39;;;76,69;76,69
Sc_272 ;43,38;33,39;32,9;0,49;10,48;9,99;;;;;;58,51;58,51;58,87;60,46;;;58,51;58,51
Sc_273 ;57,41;3,65;34,37;-30,72;23,04;53,76;;;;;;72,7;72,7;67,33;68,29;;;72,7;72,7
Sc_274 ;60,57;1,28;35,33;-34,05;25,24;59,29;;;;;;80,44;80,44;79,55;79,99;;;80,44;80,44
Sc_275 ;55,63;0;33,41;-33,41;22,22;55,63;;;;;;75,34;75,34;75,09;75,41;;;75,34;75,34
Sc_276 ;82,83;0;55,38;-55,38;27,45;82,83;;;;;;86,71;86,71;86,17;86,42;;;86,71;86,71
Sc_277 ;73,81;0;56,85;-56,85;16,96;73,81;;;;;;83,17;83,17;82,05;82,2;;;83,17;83,17
Sc_278 ;55,77;48,16;50,54;-2,38;5,23;7,61;;;;;;59,96;59,96;58,74;59,01;;;59,96;59,96
Sc_279 ;64,86;4,27;42,07;-37,8;22,79;60,59;;;;;;75,53;75,53;75,32;75,33;;;75,53;75,53
Sc_280 ;63,35;0;41,22;-41,22;22,13;63,35;;;;;;82,78;82,78;80,79;80,9;;;82,78;82,78
Sc_281 ;36,09;1,54;26,22;-24,68;9,87;34,55;;;;;;36,22;36,22;36,74;36,71;;;36,22;36,22
Sc_282 ;80,37;54,85;54,85;0;25,52;25,52;;;;;;84,75;84,75;81,45;80,64;;;84,75;84,75
Sc_283 ;48,08;0;38,37;-38,37;9,71;48,08;;;;;;72,09;72,09;55,17;68,92;;;72,09;72,09
Sc_284 ;74,72;8,08;55,89;-47,81;18,83;66,64;;;;;;76,47;76,47;75,85;73,3;;;76,47;76,47
Sc_285 ;77,94;39,49;57,54;-18,05;20,4;38,45;;;;;;80,14;80,14;78,34;77,67;;;80,14;80,14
Sc_286 ;72,16;0;46,69;-46,69;25,47;72,16;;;;;;78,19;78,19;67,24;77,97;;;78,19;78,19
Sc_287 ;84,99;59,13;59,13;0;25,86;25,86;;;;;;89,8;89,8;91,31;89,68;;;89,8;89,8
Sc_288 ;77,41;0;53,31;-53,31;24,1;77,41;;;;;;79,57;79,57;79,09;79,84;;;79,57;79,57
Sc_289 ;58,66;0;40,18;-40,18;18,48;58,66;;;;;;64,79;64,79;63,2;64,41;;;64,79;64,79
Sc_290 ;48,61;0;32,97;-32,97;15,64;48,61;;;;;;51,61;51,61;56,87;48,82;;;51,61;51,61
Sc_291 ;80,56;0;55,71;-55,71;24,85;80,56;;;;;;83,47;83,47;76,55;83,74;;;83,47;83,47
Sc_292 ;53,03;1,84;24,75;-22,91;28,28;51,19;;;;;;71;71;72,09;72,14;;;71;71
Sc_293 ;10,18;3,54;3,54;0;6,64;6,64;;;;;;60,82;60,82;63,81;69;;;60,82;60,82
Sc_294 ;50,24;5,53;19,8;-14,27;30,44;44,71;;;;;;71,99;71,99;71,31;72,1;;;71,99;71,99
Sc_295 ;44,98;13,79;20,58;-6,79;24,4;31,19;;;;;;71,25;71,25;73,86;74,34;;;71,25;71,25
Sc_296 ;56,69;9,81;17,77;-7,96;38,92;46,88;;;;;;49,14;49,14;48,01;49,2;;;49,14;49,14
Sc_297 ;33,51;15,73;16,43;-0,7;17,08;17,78;;;;;;52,01;52,01;57,17;57,47;;;52,01;52,01
Sc_298 ;51,31;20,45;25,4;-4,95;25,91;30,86;;;;;;76,42;76,42;74,35;74,79;;;76,42;76,42
Sc_299 ;56,93;2,15;25,08;-22,93;31,85;54,78;;;;;;76,15;76,15;74,37;73,71;;;76,15;76,15
Sc_300 ;55,22;27,41;29,55;-2,14;25,67;27,81;;;;;;79,51;79,51;75,09;75,6;;;79,51;79,51
